Name,Category,Legal_Status,Year_Founded,Domain_Activity,Value_Chain_Segment,Geographic_Scope,Website,Email,Phone,Address,Leadership,Partnerships,Key_Metrics,Primary_Source,Publication_Date
Ministry of Agriculture and Livestock (MINAE),Government Institution,Government Ministry,1960,Agricultural Policy & Development,Policy & Regulation,National,https://www.minae.gov.mg,,,Antananarivo,HAJARISON François Sergio,"UNFSS+4, SADC, FAO",Diaben'ny famokarana program,https://www.minae.gov.mg,2025-08-05
FOFIFA - Centre National de Recherche appliquée au Développement Rural,Research Institution,Public Research Center,1974,Agricultural Research,Research & Development,National,,,,"Antananarivo",,"CIRAD, ARCAD Project",Plant production, rice, animal production,https://www.arcad-project.org/partners/fofifa-centre-national-de-recherche-appliquee-au-developpement-rural/,2025-08-05
CIRAD Madagascar,Research Institution,International Research Organization,1984,Agricultural Research,Research & Development,National,https://www.cirad.fr/en/worldwide/our-regional-offices/southern-africa-and-madagascar/,,,"Antananarivo, Antsirabe, Taomasina",,"FOFIFA, Universities",Agroecology, biodiversity management,https://www.cirad.fr/en/worldwide/our-regional-offices/southern-africa-and-madagascar/,2025-08-05
University of Antananarivo - School of Agronomy (ESSA),Academic Institution,Public University,1963,Agricultural Education,Education & Training,National,https://www.univ-antananarivo.mg/Ecole-Superieure-des-Sciences-Agronomiques,,,"Antananarivo",RASOARAHONA Jean R.E,"CIRAD, FOFIFA",6 specializations, 1100+ students,https://www.univ-antananarivo.mg/Ecole-Superieure-des-Sciences-Agronomiques,2025-08-05
FAO Madagascar,International Organization,UN Agency,1945,Food Security & Agricultural Development,Policy & Development,National,https://www.fao.org/madagascar,,,"Antananarivo",,"MINAE, WFP",Food security projects,https://www.fao.org/madagascar,2025-08-05
World Food Programme (WFP) Madagascar,International Organization,UN Agency,1961,Food Security & Emergency Response,Food Security,National,https://www.wfp.org/operations,,,"Antananarivo",,"MINAE, Government",Country Strategic Plan 2024-2028,https://www.wfp.org/operations,2025-08-05
Catholic Relief Services (CRS) Madagascar,NGO,International NGO,1962,Rural Development & Emergency Response,Rural Development,National,https://www.crs.org,,,"Antananarivo",,"Local partners",Development programs since 1962,https://www.crs.org,2025-08-05
Aga Khan Development Network Madagascar,NGO,International NGO,2007,Food Security & Market Access,Rural Development,National,https://the.akdn/en/where-we-work/eastern-africa/madagascar,,,"Antananarivo",,"Local communities",Food security, market connectivity,https://the.akdn/en/where-we-work/eastern-africa/madagascar,2025-08-05
Agence Française de Développement (AFD) Madagascar,Development Bank,French Development Agency,1941,Agricultural Development Financing,Finance & Investment,National,https://www.afd.fr,,,"Antananarivo",,"MINAE, Government",Agricultural development projects,https://www.afd.fr,2025-08-05
Réseau SOA (Syndicat des organisations agricoles),Farmer Association,National Union,1990,Farmers' Rights & Advocacy,Advocacy & Representation,National,,,,"Antananarivo",,"25 regional organizations",13 regions coverage,https://www.fo-mapp.com/farm/reseau-soa-syndicat-organisations-agricoles,2025-08-05
Association Agro-Industrie de Madagascar (AAIM),Professional Federation,Industry Association,2010,Agro-Industry Development,Industry Representation,National,https://assoaim.mg,,,"Antananarivo",,"Private sector",Agro-industry promotion,https://assoaim.mg,2025-08-05
Compagnie Madecasse,Private Agribusiness,Private Company,2006,Vanilla & Spice Processing,Processing & Export,National,https://www.madayp.com/company/108/Compagnie_Madecasse,,+261 20 22 224 08,"Route Des Hydrocarbures Ankorondrano",,"Local farmers",Vanilla processing,https://www.madayp.com/company/108/Compagnie_Madecasse,2025-08-05
SOMECA,Private Agribusiness,Private Company,1955,Agricultural Equipment & Services,Equipment & Services,National,https://www.madayp.com/company/147/Someca,,+261 20 22 254 00,"Lalana Ravoninahitriniarivo Ankorondrano",,"Farmers",Agricultural equipment since 1955,https://www.madayp.com/company/147/Someca,2025-08-05
AGRIVET,Private Agribusiness,Private Company,1990,Agricultural Inputs & Veterinary Services,Inputs & Services,National,https://www.madayp.com/company/51/Agrivet,,+261 20 22 583 73,"Lot 01 A Ambohibao",,"Farmers",Agricultural inputs,https://www.madayp.com/company/51/Agrivet,2025-08-05
LECOFRUIT,Private Agribusiness,Private Company,1985,Fruit Processing & Export,Processing & Export,National,https://www.madayp.com/company/3926/Lecofruit,,+261 202 22 23 73,"BP 207, Antananarivo",,"Local farmers",Fruit processing,https://www.madayp.com/company/3926/Lecofruit,2025-08-05
AQUALMA,Private Agribusiness,Private Company,1990,Aquaculture & Fish Processing,Aquaculture,Regional,https://www.madayp.com/company/30/Aqualma,,+261 20 62 239 59,"Immeuble Scim, Mahajanga",,"Local fishermen",Aquaculture development,https://www.madayp.com/company/30/Aqualma,2025-08-05
FATAPLUS,AgriTech Startup,Private Company,2020,B2B Agricultural Marketplace,Digital Platform,National,https://fata.plus,,,"Antananarivo",,"MINAE, MNDPT",B2B agricultural platform,https://fata.plus,2025-08-05
Agritech Madagascar Association,AgriTech Association,Professional Association,2023,Agricultural Technology Innovation,Technology & Innovation,National,,,,"Antananarivo",,"MINAE, MNDPT",ICT tools in agriculture,https://www.digigasy.com/le-minae-le-mndpt-et-lagritech-mada-ensemble-pour/,2025-08-05
LR Group Ltd (Israeli Partnership),AgriTech Company,International Company,2025,Smart Agriculture Technology,Technology & Innovation,National,,,,"Israel-Madagascar",,"Government of Madagascar",$90M smart agriculture project,https://www.techinafrica.com/madagascar-partners-with-israeli-firm-on-90-million-smart-agriculture-plan/,2025-08-05
IDEMCO,Private Agribusiness,Private Company,2010,Sustainable Agribusiness Consulting,Consulting & Services,National,https://idemco.mg,,,"Antananarivo",,"Export companies, producer groups",Sustainable agribusiness,https://idemco.mg,2025-08-05
SMTP Group,Private Agribusiness,Private Company,1995,Poultry Production,Production & Processing,National,,,,"Antananarivo",,"IFC, GAFSP",Leading poultry producer,https://www.gafspfund.org/index.php/projects/supporting-agribusiness-in-madagascar,2025-08-05
NCBA CLUSA Madagascar,NGO,International NGO,1916,Cooperative Development,Cooperative Development,National,https://ncbaclusa.coop,,,"Antananarivo",,"USAID",Cooperative development projects,https://ncbaclusa.coop,2025-08-05
Forum du Conseil Agricole de Madagascar (FCA),Professional Federation,Industry Forum,2005,Agricultural Advisory Services,Advisory Services,National,http://fca-madagascar.org,,,"Antananarivo",,"Agricultural organizations",Advisory services,http://fca-madagascar.org,2025-08-05
Inter Aide Madagascar,NGO,International NGO,1980,Rural Development & Agriculture,Rural Development,Regional,,,,"Antananarivo",,"Local communities",Fagnimbogna federation support,https://interaide.org/en/cross/madagascar-agriculture,2025-08-05
Louvain Coopération Madagascar,NGO,International NGO,1977,Agricultural Cooperative Support,Cooperative Development,National,https://louvaincooperation.org,,,"Antananarivo",,"Local cooperatives",Cooperative development,https://louvaincooperation.org,2025-08-05
Commodity PV Ltd SARLU,Private Agribusiness,Private Company,2017,Agricultural Commodities,Commodity Trading,Regional,https://www.madayp.com/company/12584/Commodity_Pv_Ltd_Sarlu,,+261340595732,"Belle rose secteur n7, Antalaha",,"Local traders",Commodity trading,https://www.madayp.com/company/12584/Commodity_Pv_Ltd_Sarlu,2025-08-05
RIVOTRA,Private Agribusiness,Private Company,2018,Agricultural Services,Agricultural Services,Regional,https://www.madayp.com/company/12404/Rivotra,,(+261)345258538,"Ambovoalanana Lot 98, Mahajanga",,"Local farmers",Agricultural services,https://www.madayp.com/company/12404/Rivotra,2025-08-05
JUMBO NET,Private Agribusiness,Private Company,2003,Agricultural Equipment,Equipment & Services,National,https://www.madayp.com/company/135/Jumbo_Net,,020 22 693 21,"Lot Iv C 108 Ankadifotsy",,"Farmers",Agricultural equipment,https://www.madayp.com/company/135/Jumbo_Net,2025-08-05
PROCHIMAD,Private Agribusiness,Private Company,1985,Agricultural Chemicals,Inputs & Chemicals,National,https://www.madayp.com/company/131/Prochimad,,+261 20 22 037 28,"Mandrosoa Ivato",,"Farmers",Agricultural chemicals,https://www.madayp.com/company/131/Prochimad,2025-08-05
CODAL - Comptoir industriel de produits alimentaires,Private Agribusiness,Private Company,1990,Food Processing,Processing & Manufacturing,National,https://www.madayp.com/company/6379/CODAL_Comptoir_industriel_de_produits_alimentaires,,(+261) 20 22 234 24,"Rte des hydrocarbures Ankorondrano",,"Local producers",Food processing,https://www.madayp.com/company/6379/CODAL_Comptoir_industriel_de_produits_alimentaires,2025-08-05
COPEFRITO SA,Private Agribusiness,Private Company,1980,Fishery Products,Fishery & Processing,Regional,https://www.madayp.com/company/166/Copefrito_Sa,,020 94 438 02,"Avenue De France Mahavatse Ii, Toliara",,"Local fishermen",Fishery processing,https://www.madayp.com/company/166/Copefrito_Sa,2025-08-05
MADAUTO,Private Agribusiness,Private Company,1985,Agricultural Machinery,Machinery & Equipment,Regional,https://www.madayp.com/company/117/Madauto,,+261 20 53 322 71,"7, Boulevard Augagneur, Toamasina",,"Farmers",Agricultural machinery,https://www.madayp.com/company/117/Madauto,2025-08-05
MATERAUTO,Private Agribusiness,Private Company,1990,Agricultural Equipment,Equipment & Services,Regional,https://www.madayp.com/company/143/Materauto,,+261 20 53 306 96,"Rue Lieutnant Bernard Ampasimazava, Toamasina",,"Farmers",Agricultural equipment,https://www.madayp.com/company/143/Materauto,2025-08-05
HOMEOPHARMA,Private Agribusiness,Private Company,1995,Agricultural & Veterinary Products,Inputs & Pharmaceuticals,National,https://www.madayp.com/company/173/Homeopharma,,+261 20 22 349 19,"Immeuble Shoprite Analakely",,"Farmers, veterinarians",Veterinary products,https://www.madayp.com/company/173/Homeopharma,2025-08-05
LFL Madagascar,Private Agribusiness,Private Company,1990,Agricultural Services,Agricultural Services,Regional,https://www.madayp.com/company/184/Lfl_Madagascar,,+261 20 24 265 74,"Pk 24, Andakana Route De Majunga",,"Local farmers",Agricultural services,https://www.madayp.com/company/184/Lfl_Madagascar,2025-08-05
AIR FORT SERVICES,Private Agribusiness,Private Company,1995,Agricultural Logistics,Logistics & Transport,Regional,,,020 92 212 24,"Tolagnaro",,"Agricultural exporters",Logistics services,https://www.madayp.com/company/126/Air_Fort_Services,2025-08-05
ENERGIE TECHNOLOGIE,Private Agribusiness,Private Company,2000,Agricultural Technology,Technology & Innovation,National,https://www.madayp.com/company/110/Energie_Technologie,,020 22 360 62,"Centre Commercial Conquete Antanimena",,"Agricultural sector",Energy technology,https://www.madayp.com/company/110/Energie_Technologie,2025-08-05
FLORIBIS,Private Agribusiness,Private Company,1990,Horticulture & Floriculture,Horticulture,National,https://www.madayp.com/company/46/Floribis,,020 22 631 84,"Hotel Colbert Antaninarenina",,"Horticulture sector",Floriculture,https://www.madayp.com/company/46/Floribis,2025-08-05
B DE L (Bernadette De Lavernette),Private Agribusiness,Private Company,1995,Agricultural Consulting,Consulting & Services,National,https://www.madayp.com/company/76/B_De_L_bernadette_De_Lavernette,,020 22 531 13,"Lot Mf 35 Androhibe",,"Agricultural sector",Agricultural consulting,https://www.madayp.com/company/76/B_De_L_bernadette_De_Lavernette,2025-08-05
